[{"model": "dwtn.category", "pk": 1, "fields": {"category_name": "Entertainment", "pin": "assets/pin.png", "color": "#990000"}}, {"model": "dwtn.category", "pk": 2, "fields": {"category_name": "Food and Drink", "pin": "assets/pin.png", "color": "#990000"}}, {"model": "dwtn.category", "pk": 3, "fields": {"category_name": "Retail", "pin": "assets/pin.png", "color": "#990000"}}, {"model": "dwtn.category", "pk": 4, "fields": {"category_name": "Hair, Beauty & Fitness", "pin": "assets/pin.png", "color": "#990000"}}, {"model": "dwtn.category", "pk": 5, "fields": {"category_name": "Community", "pin": "assets/pin.png", "color": "#990000"}}, {"model": "dwtn.category", "pk": 7, "fields": {"category_name": "ArtWalk", "pin": "assets/pin.png", "color": "#990000"}}, {"model": "dwtn.category", "pk": 10, "fields": {"category_name": "Oregon Bach Festival", "pin": "assets/pin.png", "color": "#990000"}}, {"model": "dwtn.location", "pk": 2, "fields": {"location_name": "Sixth Street Grill", "lon": "-123.0937108", "lat": "44.0534050", "image": "assets/locations/sixthstreetgrill.jpg", "state": true, "details": "Sixth Street is a Sports Bar & Grill in Downtown Eugene with wonderful food and drinks, excellent service, and HDTVs to watch all the Duck football games!", "category": 2}}, {"model": "dwtn.location", "pk": 3, "fields": {"location_name": "The Cooler Restaurant and Bar", "lon": "-123.0803059", "lat": "44.0601840", "image": "assets/locations/cooler.jpg", "state": true, "details": "Sports bar devoted to the Oregon Ducks offering big-screens, pool, free popcorn & karaoke.", "category": 2}}, {"model": "dwtn.location", "pk": 4, "fields": {"location_name": "The Bier Stein", "lon": "-123.0925295", "lat": "44.0423998", "image": "assets/locations/beerstein.png", "state": true, "details": "\"We host over 30 evolving taps, 1,000 different bottles of beer from around the world, and have a menu of excellent sandwiches, soups, and fresh salads.\"", "category": 2}}, {"model": "dwtn.location", "pk": 5, "fields": {"location_name": "Old Nick's Pub", "lon": "-123.1001944", "lat": "44.0574557", "image": "assets/locations/oldnickspub.jpg", "state": true, "details": "Old Nicks Pub delivers rock and roll, the finest food, and a full bar.", "category": 2}}, {"model": "dwtn.location", "pk": 6, "fields": {"location_name": "The O Bar and Grill", "lon": "-123.0560660", "lat": "44.0602655", "image": "assets/locations/obar.jpg", "state": true, "details": "The ultimate Duck experience in the heart of Duck Town, USA and right across from Autzen Stadium sits a hidden sportsman paradise.", "category": 2}}, {"model": "dwtn.location", "pk": 7, "fields": {"location_name": "Ambrosia", "lon": "-123.0901710", "lat": "44.0496240", "image": "assets/locations/ambrosia.jpg", "state": true, "details": "Italian cuisine prepared in vibrant Pacific Northwest style.", "category": 2}}, {"model": "dwtn.location", "pk": 8, "fields": {"location_name": "Ax Billy Grill & Sports Bar", "lon": "-123.0923150", "lat": "44.0490220", "image": "assets/locations/ax-billy-grill-&-sports-bar.jpg", "state": true, "details": "Stepping onto the third floor of the Downtown Athletic Club, patrons of the Ax Billy Grill are greeted by a family friendly dining room and a popular sports bar.", "category": 2}}, {"model": "dwtn.location", "pk": 9, "fields": {"location_name": "Bagel Sphere", "lon": "-123.0931250", "lat": "44.0505660", "image": "assets/locations/bagel-sphere.jpg", "state": true, "details": "\"We source only the finest ingredients, give our dough time to age for flavor development, and then boil and hearth-bake our bagels.\"", "category": 2}}, {"model": "dwtn.location", "pk": 10, "fields": {"location_name": "Belly", "lon": "-123.0920760", "lat": "44.0495280", "image": "assets/locations/belly.jpg", "state": true, "details": "Belly is a large, casual walk in restaurant.", "category": 2}}, {"model": "dwtn.location", "pk": 11, "fields": {"location_name": "Bon Mi", "lon": "-123.0904170", "lat": "44.0499150", "image": "assets/locations/bon-mi.jpg", "state": true, "details": "Bon Mi is one of the freshest new eateries in Downtown Eugene.", "category": 2}}, {"model": "dwtn.location", "pk": 12, "fields": {"location_name": "CowFish", "lon": "-123.0934970", "lat": "44.0499120", "image": "assets/locations/cowfish-nightclub.jpg", "state": true, "details": "Open 7 nights a week! Lush sound & great drinks!", "category": 2}}, {"model": "dwtn.location", "pk": 13, "fields": {"location_name": "Cozmic Pizza", "lon": "-123.0955470", "lat": "44.0512730", "image": "assets/locations/cozmic-pizza.jpg", "state": true, "details": "Pizzeria & bar in a sprawling, sculpture-filled former car dealership features nightly live music.", "category": 2}}, {"model": "dwtn.location", "pk": 14, "fields": {"location_name": "Doc's Pad", "lon": "-123.0927320", "lat": "44.0518250", "image": "assets/locations/doc's-pad.jpg", "state": true, "details": "Hangout for sports fans with 12ft HD projection screens, pool tables, arcade games & draft beers.", "category": 2}}, {"model": "dwtn.location", "pk": 15, "fields": {"location_name": "First National Tap House", "lon": "-123.0934180", "lat": "44.0501060", "image": "assets/locations/first-national-tab-house.jpg", "state": true, "details": "Warm brewpub offering a sizable beer list & New American eats in a chill locale with a vintage vibe.", "category": 2}}, {"model": "dwtn.location", "pk": 16, "fields": {"location_name": "Full City Cafe", "lon": "-123.0900170", "lat": "44.0505430", "image": "assets/locations/full-city-cafe.jpg", "state": true, "details": "\"Michael Phinney, the owner of Full City Coffee Roasters, faithfully roasts our beans each day, creating finely crafted coffees that are unparalleled in flavor and style.\"", "category": 2}}, {"model": "dwtn.location", "pk": 17, "fields": {"location_name": "Jameson's Bar", "lon": "-123.0945630", "lat": "44.0501480", "image": "assets/locations/jameson's-bar.jpg", "state": true, "details": "Hip hangout with retro decor, flavored vodkas & lots of beer choices, plus 2 pool tables & a lounge.", "category": 2}}, {"model": "dwtn.location", "pk": 18, "fields": {"location_name": "Killer Burger", "lon": "-123.0932750", "lat": "44.0499100", "image": "assets/locations/killer-burger.jpg", "state": true, "details": "Every Killer Burger is 1/3 Pound 100% Beef and Includes: BACON", "category": 2}}, {"model": "dwtn.location", "pk": 19, "fields": {"location_name": "Lotus Garden", "lon": "-123.0959980", "lat": "44.0507480", "image": "assets/locations/lotus-garden.jpg", "state": true, "details": "Modest spot with a long menu of vegan & vegetarian Chinese dishes, including some with veggie meats.", "category": 2}}, {"model": "dwtn.location", "pk": 20, "fields": {"location_name": "Luckey's Club", "lon": "-123.0939450", "lat": "44.0495370", "image": "assets/locations/luckey's-club.jpg", "state": true, "details": "Long-running bar featuring frequent live music & antique pool tables for hourly rent & league play.", "category": 2}}, {"model": "dwtn.location", "pk": 22, "fields": {"location_name": "Membrillo", "lon": "-123.0930710", "lat": "44.0428980", "image": "assets/locations/membrillo.jpg", "state": true, "details": "\"We bring the flavors of Cuba & Latin America to Eugene.\"", "category": 2}}, {"model": "dwtn.location", "pk": 23, "fields": {"location_name": "Mezza Luna Pizzeria", "lon": "-123.0893700", "lat": "44.0495500", "image": "assets/locations/mezza-luna-pizzeria.jpg", "state": true, "details": "Laid-back pizza spot with a salad bar serving New York-style pies in huge slices or whole.", "category": 2}}, {"model": "dwtn.location", "pk": 24, "fields": {"location_name": "Noisette Bakery", "lon": "-123.0960880", "lat": "44.0496590", "image": "assets/locations/noisette-bakery.jpg", "state": true, "details": "Noisette Pastry Kitchen seeks to incorporate the rich bounty of product found in the Willamette Valley into their work.", "category": 2}}, {"model": "dwtn.location", "pk": 25, "fields": {"location_name": "Novella Cafe", "lon": "-123.0949620", "lat": "44.0485300", "image": "assets/locations/novella-cafe.jpg", "state": true, "details": "Open from 9am - 6pm.", "category": 2}}, {"model": "dwtn.location", "pk": 26, "fields": {"location_name": "Noodle Bowl", "lon": "-123.0896990", "lat": "44.0503710", "image": "assets/locations/noddle-bowl.jpg", "state": true, "details": "Relaxed Korean-Japanese cafe with traditional dishes & bento, plus teriyaki salads & bubble tea.", "category": 2}}, {"model": "dwtn.location", "pk": 27, "fields": {"location_name": "Off the Waffle", "lon": "-123.0929700", "lat": "44.0505220", "image": "assets/locations/off-the-waffle.jpg", "state": true, "details": "Bustling restaurant specializing in Belgian-style waffles loaded with sweet & savory toppings.", "category": 2}}, {"model": "dwtn.location", "pk": 28, "fields": {"location_name": "Poppi's Anatolia", "lon": "-123.0930440", "lat": "44.0490390", "image": "assets/locations/poppi's-anatolia.jpg", "state": true, "details": "Pita sandwiches share the menu with curry dishes at this airy, low-key Indian & Greek eatery.", "category": 2}}, {"model": "dwtn.location", "pk": 29, "fields": {"location_name": "Actor's Caberet", "lon": "-123.0931530", "lat": "44.0489740", "image": "assets/locations/actor's-cabaret.jpg", "state": true, "details": "ACE is committed to providing Lane County with high quality theater, assuming a leadership role in the education of theater artists and technicians of all ages.", "category": 1}}, {"model": "dwtn.location", "pk": 30, "fields": {"location_name": "Bijou Metro Cinema", "lon": "-123.0931740", "lat": "44.0501030", "image": "assets/locations/bijou-metro-cinema.jpg", "state": true, "details": "Enjoy a classic movie in a fun environment.", "category": 1}}, {"model": "dwtn.location", "pk": 31, "fields": {"location_name": "Hult Center", "lon": "-123.0947770", "lat": "44.0524465", "image": "assets/locations/hult-center.jpg", "state": true, "details": "Art and culture in a grand and refined environment.", "category": 1}}, {"model": "dwtn.location", "pk": 32, "fields": {"location_name": "Mcdonald Theatre", "lon": "-123.0930560", "lat": "44.0486300", "image": "assets/locations/mcdonald-theatre.jpg", "state": true, "details": "Killer music in an intimate setting.", "category": 1}}, {"model": "dwtn.location", "pk": 33, "fields": {"location_name": "Oregon Contemporary Theatre", "lon": "-123.0952830", "lat": "44.0497580", "image": "assets/locations/oregon-contemporary-theatre.jpg", "state": true, "details": "All the most contemporary productions.", "category": 1}}, {"model": "dwtn.location", "pk": 34, "fields": {"location_name": "The Shedd Institue", "lon": "-123.0885720", "lat": "44.0502310", "image": "assets/locations/the-shedd-institute.jpg", "state": true, "details": "The John G. Shedd Institute for the Arts, or The Shedd Institute, is a performing arts company, cultural arts center, and community music school in Eugene, Oregon, United States.", "category": 1}}, {"model": "dwtn.location", "pk": 35, "fields": {"location_name": "W.O.W. Hall", "lon": "-123.0970860", "lat": "44.0511850", "image": "assets/locations/w.o.w.-hall.jpg", "state": true, "details": "The W.O.W. Hall is a performing arts venue in Eugene, Oregon, United States. It was formerly a Woodmen of the World lodge. The W.O.W. Hall was listed on the National Register of Historic Places in 1996.", "category": 1}}, {"model": "dwtn.location", "pk": 36, "fields": {"location_name": "Hult Center Garage", "lon": "-123.0962848", "lat": "44.0523318", "image": "assets/locations/hult-center.jpg", "state": true, "details": "Parking for the hult center.", "category": 5}}, {"model": "dwtn.location", "pk": 37, "fields": {"location_name": "Parcade Garage", "lon": "-123.0938560", "lat": "44.0491280", "image": "assets/locations/voodoo-doughnut.jpg", "state": true, "details": "Convenient and innovative parking.", "category": 5}}, {"model": "dwtn.location", "pk": 38, "fields": {"location_name": "Overpark Garage", "lon": "-123.0916310", "lat": "44.0488190", "image": "assets/locations/overpark.jpg", "state": true, "details": "DAC attached parking.", "category": 5}}, {"model": "dwtn.location", "pk": 39, "fields": {"location_name": "Moss Hair Studio", "lon": "-123.0961950", "lat": "44.0523400", "image": "assets/locations/moss.jpg", "state": true, "details": "Great haircuts!", "category": 4}}, {"model": "dwtn.location", "pk": 40, "fields": {"location_name": "Analog Barbershop", "lon": "-123.0944520", "lat": "44.0503360", "image": "assets/locations/analog-barbershop.jpg", "state": true, "details": "Never a digital cut. Always the smoothest slice.", "category": 4}}, {"model": "dwtn.location", "pk": 41, "fields": {"location_name": "Downtown Athletic Club", "lon": "-123.0923150", "lat": "44.0490220", "image": "assets/locations/downtown-athletic-club.jpg", "state": true, "details": "Excellent facilities for the athletically inclined Eugenian.", "category": 4}}, {"model": "dwtn.location", "pk": 42, "fields": {"location_name": "Kiva Grocery", "lon": "-123.0947280", "lat": "44.0478660", "image": "assets/locations/kiva-grocery.jpg", "state": true, "details": "The true Eugene grocery store.", "category": 3}}, {"model": "dwtn.location", "pk": 43, "fields": {"location_name": "Heritage Dry Goods", "lon": "-123.0925830", "lat": "44.0503310", "image": "assets/locations/heritage-dry-goods.jpg", "state": true, "details": "Only the very driest items from your history can be found here.", "category": 3}}, {"model": "dwtn.location", "pk": 44, "fields": {"location_name": "Pewter Rabbit", "lon": "-123.0905440", "lat": "44.0497060", "image": "assets/locations/pewter-rabbit.jpg", "state": true, "details": "Eugene's on-trend antique shop.", "category": 3}}, {"model": "dwtn.location", "pk": 45, "fields": {"location_name": "The New Zone Gallery", "lon": "-123.0973152", "lat": "44.0497591", "image": "assets/locations/the-new-zone.jpg", "state": true, "details": "The New Zone Gallery hosts the annual non-juried \u201cZone 4 All\u201d March 4 \u2013 March 25th. The show is open to all artists with any 2D or 3D work.  Music for the evening will be provided by duo Sonic Pilgrim.", "category": 7}}, {"model": "dwtn.location", "pk": 46, "fields": {"location_name": "Shadowfox", "lon": "-123.0960446", "lat": "44.0497950", "image": "assets/locations/shadowfox.jpg", "state": false, "details": "\u201cIntrinsic Motion\u201d  is a performance exploring the visceral experience of music, dance, and art. Professional ballet dancer Amanda Coleman debuts original choreography set to music by Jason Pancoast.", "category": 7}}, {"model": "dwtn.location", "pk": 47, "fields": {"location_name": "Mecca", "lon": "-123.0933847", "lat": "44.0549248", "image": "assets/locations/mecca.jpg", "state": true, "details": "Reuse artist Kat Witt turns waste into wonderful in an exhibition that challenges us to think differently about unwanted materials.  This show is a collaboration of color, creative design, and wonder.  Pieces include multimedia works incorporating 3D and lighting effects, fashion design and textiles, and acrylic oil color paper mache printmaking.  All pieces are made by hand with items that were at hand.", "category": 7}}, {"model": "dwtn.location", "pk": 48, "fields": {"location_name": "The Lincoln Gallery", "lon": "-123.0997845", "lat": "44.0556062", "image": "assets/locations/lincoln-gallery.jpg", "state": true, "details": "Artists from the OSLP Arts & Culture Program and Tropical Contemporary have come together for this exciting exhibition of contemporary art called \u201cFritos and Cats.\u201d Both artist groups have been working together on collaborative art projects during the month of February.", "category": 7}}, {"model": "dwtn.location", "pk": 49, "fields": {"location_name": "Raven Frameworks", "lon": "-123.0999333", "lat": "44.0557170", "image": "assets/locations/raven-gallery.jpg", "state": true, "details": "Raven Frameworks showcases \u201cSmall Pleasures,\u201d featuring drawings, watercolors and mosaic art by Anne Korn and Terry Way. This exhibit is a collection of old and new work, each measuring under 15 X 15 inches.", "category": 7}}, {"model": "contenttypes.contenttype", "pk": 1, "fields": {"app_label": "admin", "model": "logentry"}}, {"model": "contenttypes.contenttype", "pk": 2, "fields": {"app_label": "auth", "model": "permission"}}, {"model": "contenttypes.contenttype", "pk": 3, "fields": {"app_label": "auth", "model": "group"}}, {"model": "contenttypes.contenttype", "pk": 4, "fields": {"app_label": "auth", "model": "user"}}, {"model": "contenttypes.contenttype", "pk": 5, "fields": {"app_label": "contenttypes", "model": "contenttype"}}, {"model": "contenttypes.contenttype", "pk": 6, "fields": {"app_label": "sessions", "model": "session"}}, {"model": "contenttypes.contenttype", "pk": 7, "fields": {"app_label": "dwtn", "model": "category"}}, {"model": "contenttypes.contenttype", "pk": 8, "fields": {"app_label": "dwtn", "model": "location"}}, {"model": "sessions.session", "pk": "a1fqskaxpr4y5gkvaskhszprc6ze9eqj", "fields": {"session_data": "NzQ3ZWU0MjQxMWIxZTkwYmVjMTVhZGIyMWZlNTA3ZDAxNDg3OGE3ODp7Il9hdXRoX3VzZXJfaGFzaCI6IjJlNzk4NWMxYjRhMmUxMTVlNDg1YWEwMzQ4ZjJhNGFjZmVjYzgwNDEiLCJfYXV0aF91c2VyX2JhY2tlbmQiOiJkamFuZ28uY29udHJpYi5hdXRoLmJhY2tlbmRzLk1vZGVsQmFja2VuZCIsIl9hdXRoX3VzZXJfaWQiOiIyIn0=", "expire_date": "2016-02-28T02:04:01.791Z"}}, {"model": "sessions.session", "pk": "je8pgejvd4gq9vahs5386vjy7hd2pfio", "fields": {"session_data": "NzQ3ZWU0MjQxMWIxZTkwYmVjMTVhZGIyMWZlNTA3ZDAxNDg3OGE3ODp7Il9hdXRoX3VzZXJfaGFzaCI6IjJlNzk4NWMxYjRhMmUxMTVlNDg1YWEwMzQ4ZjJhNGFjZmVjYzgwNDEiLCJfYXV0aF91c2VyX2JhY2tlbmQiOiJkamFuZ28uY29udHJpYi5hdXRoLmJhY2tlbmRzLk1vZGVsQmFja2VuZCIsIl9hdXRoX3VzZXJfaWQiOiIyIn0=", "expire_date": "2016-02-28T05:35:42.230Z"}}, {"model": "sessions.session", "pk": "l9m90ziadcvkqh66nhhamv9j80r5uepc", "fields": {"session_data": "NzQ3ZWU0MjQxMWIxZTkwYmVjMTVhZGIyMWZlNTA3ZDAxNDg3OGE3ODp7Il9hdXRoX3VzZXJfaGFzaCI6IjJlNzk4NWMxYjRhMmUxMTVlNDg1YWEwMzQ4ZjJhNGFjZmVjYzgwNDEiLCJfYXV0aF91c2VyX2JhY2tlbmQiOiJkamFuZ28uY29udHJpYi5hdXRoLmJhY2tlbmRzLk1vZGVsQmFja2VuZCIsIl9hdXRoX3VzZXJfaWQiOiIyIn0=", "expire_date": "2016-02-28T02:14:03.012Z"}}, {"model": "sessions.session", "pk": "mqmarb0iyrskq8y186kyhvs7lmrbuoca", "fields": {"session_data": "NzQ3ZWU0MjQxMWIxZTkwYmVjMTVhZGIyMWZlNTA3ZDAxNDg3OGE3ODp7Il9hdXRoX3VzZXJfaGFzaCI6IjJlNzk4NWMxYjRhMmUxMTVlNDg1YWEwMzQ4ZjJhNGFjZmVjYzgwNDEiLCJfYXV0aF91c2VyX2JhY2tlbmQiOiJkamFuZ28uY29udHJpYi5hdXRoLmJhY2tlbmRzLk1vZGVsQmFja2VuZCIsIl9hdXRoX3VzZXJfaWQiOiIyIn0=", "expire_date": "2016-02-28T03:51:33.153Z"}}, {"model": "sessions.session", "pk": "qb0n7w7l7a7q9mygoqlpimw337ufqmao", "fields": {"session_data": "NzQ3ZWU0MjQxMWIxZTkwYmVjMTVhZGIyMWZlNTA3ZDAxNDg3OGE3ODp7Il9hdXRoX3VzZXJfaGFzaCI6IjJlNzk4NWMxYjRhMmUxMTVlNDg1YWEwMzQ4ZjJhNGFjZmVjYzgwNDEiLCJfYXV0aF91c2VyX2JhY2tlbmQiOiJkamFuZ28uY29udHJpYi5hdXRoLmJhY2tlbmRzLk1vZGVsQmFja2VuZCIsIl9hdXRoX3VzZXJfaWQiOiIyIn0=", "expire_date": "2016-02-28T02:11:01.972Z"}}, {"model": "sessions.session", "pk": "zo5cjyh2de7rngi7w6a4yd63n29xbeka", "fields": {"session_data": "OTFlNmE2ODYyYWZhZTdkNTRlMDI2YTA4ODAwMTdlMjkwODMwNjBkZTp7Il9hdXRoX3VzZXJfaGFzaCI6IjQ5ZmJhZTM1MGMwZDA4OWQwMzliNzUwYmYwMmIxMmZjZDRmOTI5MGEiLCJfYXV0aF91c2VyX2JhY2tlbmQiOiJkamFuZ28uY29udHJpYi5hdXRoLmJhY2tlbmRzLk1vZGVsQmFja2VuZCIsIl9hdXRoX3VzZXJfaWQiOiIxIn0=", "expire_date": "2016-02-28T01:26:34.550Z"}}, {"model": "auth.permission", "pk": 1, "fields": {"name": "Can add log entry", "content_type": 1, "codename": "add_logentry"}}, {"model": "auth.permission", "pk": 2, "fields": {"name": "Can change log entry", "content_type": 1, "codename": "change_logentry"}}, {"model": "auth.permission", "pk": 3, "fields": {"name": "Can delete log entry", "content_type": 1, "codename": "delete_logentry"}}, {"model": "auth.permission", "pk": 4, "fields": {"name": "Can add permission", "content_type": 2, "codename": "add_permission"}}, {"model": "auth.permission", "pk": 5, "fields": {"name": "Can change permission", "content_type": 2, "codename": "change_permission"}}, {"model": "auth.permission", "pk": 6, "fields": {"name": "Can delete permission", "content_type": 2, "codename": "delete_permission"}}, {"model": "auth.permission", "pk": 7, "fields": {"name": "Can add group", "content_type": 3, "codename": "add_group"}}, {"model": "auth.permission", "pk": 8, "fields": {"name": "Can change group", "content_type": 3, "codename": "change_group"}}, {"model": "auth.permission", "pk": 9, "fields": {"name": "Can delete group", "content_type": 3, "codename": "delete_group"}}, {"model": "auth.permission", "pk": 10, "fields": {"name": "Can add user", "content_type": 4, "codename": "add_user"}}, {"model": "auth.permission", "pk": 11, "fields": {"name": "Can change user", "content_type": 4, "codename": "change_user"}}, {"model": "auth.permission", "pk": 12, "fields": {"name": "Can delete user", "content_type": 4, "codename": "delete_user"}}, {"model": "auth.permission", "pk": 13, "fields": {"name": "Can add content type", "content_type": 5, "codename": "add_contenttype"}}, {"model": "auth.permission", "pk": 14, "fields": {"name": "Can change content type", "content_type": 5, "codename": "change_contenttype"}}, {"model": "auth.permission", "pk": 15, "fields": {"name": "Can delete content type", "content_type": 5, "codename": "delete_contenttype"}}, {"model": "auth.permission", "pk": 16, "fields": {"name": "Can add session", "content_type": 6, "codename": "add_session"}}, {"model": "auth.permission", "pk": 17, "fields": {"name": "Can change session", "content_type": 6, "codename": "change_session"}}, {"model": "auth.permission", "pk": 18, "fields": {"name": "Can delete session", "content_type": 6, "codename": "delete_session"}}, {"model": "auth.permission", "pk": 19, "fields": {"name": "Can add category", "content_type": 7, "codename": "add_category"}}, {"model": "auth.permission", "pk": 20, "fields": {"name": "Can change category", "content_type": 7, "codename": "change_category"}}, {"model": "auth.permission", "pk": 21, "fields": {"name": "Can delete category", "content_type": 7, "codename": "delete_category"}}, {"model": "auth.permission", "pk": 22, "fields": {"name": "Can add location", "content_type": 8, "codename": "add_location"}}, {"model": "auth.permission", "pk": 23, "fields": {"name": "Can change location", "content_type": 8, "codename": "change_location"}}, {"model": "auth.permission", "pk": 24, "fields": {"name": "Can delete location", "content_type": 8, "codename": "delete_location"}}, {"model": "auth.user", "pk": 1, "fields": {"password": "pbkdf2_sha256$24000$T19cdfp5Hpbj$BO9Ilz6JgMqpeT+wReKmyUbXMEQj7laM3jNe7nN6XTw=", "last_login": "2016-02-14T01:26:34.540Z", "is_superuser": true, "username": "alexis", "first_name": "", "last_name": "", "email": "alexniwebb@gmail.com", "is_staff": true, "is_active": true, "date_joined": "2016-02-13T07:11:17.224Z", "groups": [], "user_permissions": []}}, {"model": "auth.user", "pk": 2, "fields": {"password": "pbkdf2_sha256$24000$HNpO9Mdx6Ej6$/VWJ55ZHg+5esxlYWnoRgyt6OxZqsgCITmzDXBITNlY=", "last_login": "2016-02-14T05:35:42.225Z", "is_superuser": true, "username": "dwtn", "first_name": "", "last_name": "", "email": "dwtn@downtowneug.org", "is_staff": true, "is_active": true, "date_joined": "2016-02-14T02:02:55.707Z", "groups": [], "user_permissions": []}}, {"model": "admin.logentry", "pk": 1, "fields": {"action_time": "2016-02-13T18:36:03.997Z", "user": 1, "content_type": 7, "object_id": "2", "object_repr": "Category object", "action_flag": 1, "change_message": "Added."}}, {"model": "admin.logentry", "pk": 2, "fields": {"action_time": "2016-02-13T18:41:34.778Z", "user": 1, "content_type": 8, "object_id": "1", "object_repr": "The Cooler Restaurant and Bar", "action_flag": 1, "change_message": "Added."}}, {"model": "admin.logentry", "pk": 3, "fields": {"action_time": "2016-02-13T18:41:41.375Z", "user": 1, "content_type": 8, "object_id": "1", "object_repr": "The Cooler Restaurant and Bar", "action_flag": 2, "change_message": "No fields changed."}}, {"model": "admin.logentry", "pk": 4, "fields": {"action_time": "2016-02-13T18:42:24.649Z", "user": 1, "content_type": 8, "object_id": "2", "object_repr": "Sixth Street Grill", "action_flag": 1, "change_message": "Added."}}, {"model": "admin.logentry", "pk": 5, "fields": {"action_time": "2016-02-13T18:45:53.536Z", "user": 1, "content_type": 8, "object_id": "1", "object_repr": "The Cooler Restaurant and Bar", "action_flag": 3, "change_message": ""}}, {"model": "admin.logentry", "pk": 6, "fields": {"action_time": "2016-02-13T18:47:00.430Z", "user": 1, "content_type": 8, "object_id": "3", "object_repr": "The Cooler Restaurant and Bar", "action_flag": 1, "change_message": "Added."}}, {"model": "admin.logentry", "pk": 7, "fields": {"action_time": "2016-02-13T18:47:48.697Z", "user": 1, "content_type": 8, "object_id": "4", "object_repr": "The Beer Stein", "action_flag": 1, "change_message": "Added."}}, {"model": "admin.logentry", "pk": 8, "fields": {"action_time": "2016-02-13T18:48:32.660Z", "user": 1, "content_type": 8, "object_id": "5", "object_repr": "Old Nick's Pub", "action_flag": 1, "change_message": "Added."}}, {"model": "admin.logentry", "pk": 9, "fields": {"action_time": "2016-02-13T18:49:28.255Z", "user": 1, "content_type": 8, "object_id": "6", "object_repr": "The O Bar and Grill", "action_flag": 1, "change_message": "Added."}}, {"model": "admin.logentry", "pk": 10, "fields": {"action_time": "2016-02-13T22:30:53.392Z", "user": 1, "content_type": 7, "object_id": "2", "object_repr": "Food+Drink", "action_flag": 2, "change_message": "Changed category_name."}}, {"model": "admin.logentry", "pk": 11, "fields": {"action_time": "2016-02-13T22:32:09.751Z", "user": 1, "content_type": 7, "object_id": "2", "object_repr": "FoodDrink", "action_flag": 2, "change_message": "Changed category_name."}}, {"model": "admin.logentry", "pk": 12, "fields": {"action_time": "2016-02-14T00:53:30.216Z", "user": 1, "content_type": 7, "object_id": "3", "object_repr": "Retail", "action_flag": 1, "change_message": "Added."}}, {"model": "admin.logentry", "pk": 13, "fields": {"action_time": "2016-02-14T00:53:45.928Z", "user": 1, "content_type": 7, "object_id": "4", "object_repr": "Hair, Beauty & Fitness", "action_flag": 1, "change_message": "Added."}}, {"model": "admin.logentry", "pk": 14, "fields": {"action_time": "2016-02-14T00:54:15.615Z", "user": 1, "content_type": 7, "object_id": "5", "object_repr": "Community", "action_flag": 1, "change_message": "Added."}}, {"model": "admin.logentry", "pk": 15, "fields": {"action_time": "2016-02-14T00:55:39.562Z", "user": 1, "content_type": 8, "object_id": "7", "object_repr": "Ambrosia", "action_flag": 1, "change_message": "Added."}}, {"model": "admin.logentry", "pk": 16, "fields": {"action_time": "2016-02-14T00:56:18.180Z", "user": 1, "content_type": 8, "object_id": "8", "object_repr": "Axe Billy Grill & Sports Bar", "action_flag": 1, "change_message": "Added."}}, {"model": "admin.logentry", "pk": 17, "fields": {"action_time": "2016-02-14T00:57:13.916Z", "user": 1, "content_type": 8, "object_id": "9", "object_repr": "Bagel Sphere", "action_flag": 1, "change_message": "Added."}}, {"model": "admin.logentry", "pk": 18, "fields": {"action_time": "2016-02-14T00:58:07.803Z", "user": 1, "content_type": 8, "object_id": "10", "object_repr": "Belly", "action_flag": 1, "change_message": "Added."}}, {"model": "admin.logentry", "pk": 19, "fields": {"action_time": "2016-02-14T00:58:45.260Z", "user": 1, "content_type": 8, "object_id": "11", "object_repr": "Bon Mi", "action_flag": 1, "change_message": "Added."}}, {"model": "admin.logentry", "pk": 20, "fields": {"action_time": "2016-02-14T00:59:18.290Z", "user": 1, "content_type": 8, "object_id": "12", "object_repr": "CowFish", "action_flag": 1, "change_message": "Added."}}, {"model": "admin.logentry", "pk": 21, "fields": {"action_time": "2016-02-14T01:00:21.756Z", "user": 1, "content_type": 8, "object_id": "13", "object_repr": "Cozmic Pizza", "action_flag": 1, "change_message": "Added."}}, {"model": "admin.logentry", "pk": 22, "fields": {"action_time": "2016-02-14T01:00:53.978Z", "user": 1, "content_type": 8, "object_id": "14", "object_repr": "Doc's Pad", "action_flag": 1, "change_message": "Added."}}, {"model": "admin.logentry", "pk": 23, "fields": {"action_time": "2016-02-14T01:03:29.908Z", "user": 1, "content_type": 8, "object_id": "15", "object_repr": "First National Tap House", "action_flag": 1, "change_message": "Added."}}, {"model": "admin.logentry", "pk": 24, "fields": {"action_time": "2016-02-14T01:04:27.097Z", "user": 1, "content_type": 8, "object_id": "16", "object_repr": "Full City Cafe", "action_flag": 1, "change_message": "Added."}}, {"model": "admin.logentry", "pk": 25, "fields": {"action_time": "2016-02-14T01:05:06.332Z", "user": 1, "content_type": 8, "object_id": "17", "object_repr": "Jameson's Bar", "action_flag": 1, "change_message": "Added."}}, {"model": "admin.logentry", "pk": 26, "fields": {"action_time": "2016-02-14T01:06:21.700Z", "user": 1, "content_type": 8, "object_id": "18", "object_repr": "Killer Burger", "action_flag": 1, "change_message": "Added."}}, {"model": "admin.logentry", "pk": 27, "fields": {"action_time": "2016-02-14T01:07:10.230Z", "user": 1, "content_type": 8, "object_id": "19", "object_repr": "Lotus Garden", "action_flag": 1, "change_message": "Added."}}, {"model": "admin.logentry", "pk": 28, "fields": {"action_time": "2016-02-14T01:08:07.399Z", "user": 1, "content_type": 8, "object_id": "20", "object_repr": "Luckey's Club", "action_flag": 1, "change_message": "Added."}}, {"model": "admin.logentry", "pk": 29, "fields": {"action_time": "2016-02-14T01:08:17.248Z", "user": 1, "content_type": 7, "object_id": "2", "object_repr": "Food and Drink", "action_flag": 2, "change_message": "Changed category_name."}}, {"model": "admin.logentry", "pk": 30, "fields": {"action_time": "2016-02-14T01:08:59.930Z", "user": 1, "content_type": 8, "object_id": "2", "object_repr": "Sixth Street Grill", "action_flag": 2, "change_message": "Changed lon and lat."}}, {"model": "admin.logentry", "pk": 31, "fields": {"action_time": "2016-02-14T01:09:16.907Z", "user": 1, "content_type": 8, "object_id": "3", "object_repr": "The Cooler Restaurant and Bar", "action_flag": 2, "change_message": "Changed lon and lat."}}, {"model": "admin.logentry", "pk": 32, "fields": {"action_time": "2016-02-14T01:09:31.946Z", "user": 1, "content_type": 8, "object_id": "4", "object_repr": "The Beer Stein", "action_flag": 2, "change_message": "Changed lon and lat."}}, {"model": "admin.logentry", "pk": 33, "fields": {"action_time": "2016-02-14T01:09:48.111Z", "user": 1, "content_type": 8, "object_id": "5", "object_repr": "Old Nick's Pub", "action_flag": 2, "change_message": "Changed lon and lat."}}, {"model": "admin.logentry", "pk": 34, "fields": {"action_time": "2016-02-14T01:10:04.344Z", "user": 1, "content_type": 8, "object_id": "6", "object_repr": "The O Bar and Grill", "action_flag": 2, "change_message": "Changed lon and lat."}}, {"model": "admin.logentry", "pk": 35, "fields": {"action_time": "2016-02-14T01:29:59.963Z", "user": 1, "content_type": 8, "object_id": "21", "object_repr": "Luckey's Club", "action_flag": 1, "change_message": "Added."}}, {"model": "admin.logentry", "pk": 36, "fields": {"action_time": "2016-02-14T01:30:54.617Z", "user": 1, "content_type": 8, "object_id": "22", "object_repr": "Membrillo", "action_flag": 1, "change_message": "Added."}}, {"model": "admin.logentry", "pk": 37, "fields": {"action_time": "2016-02-14T01:32:29.111Z", "user": 1, "content_type": 8, "object_id": "23", "object_repr": "Mezza Luna Pizzeria", "action_flag": 1, "change_message": "Added."}}, {"model": "admin.logentry", "pk": 38, "fields": {"action_time": "2016-02-14T01:33:08.369Z", "user": 1, "content_type": 8, "object_id": "23", "object_repr": "Mezza Luna Pizzeria", "action_flag": 2, "change_message": "Changed image."}}, {"model": "admin.logentry", "pk": 39, "fields": {"action_time": "2016-02-14T01:33:13.702Z", "user": 1, "content_type": 8, "object_id": "22", "object_repr": "Membrillo", "action_flag": 2, "change_message": "Changed image."}}, {"model": "admin.logentry", "pk": 40, "fields": {"action_time": "2016-02-14T01:33:19.472Z", "user": 1, "content_type": 8, "object_id": "21", "object_repr": "Luckey's Club", "action_flag": 3, "change_message": ""}}, {"model": "admin.logentry", "pk": 41, "fields": {"action_time": "2016-02-14T01:33:26.416Z", "user": 1, "content_type": 8, "object_id": "20", "object_repr": "Luckey's Club", "action_flag": 2, "change_message": "No fields changed."}}, {"model": "admin.logentry", "pk": 42, "fields": {"action_time": "2016-02-14T01:34:58.768Z", "user": 1, "content_type": 8, "object_id": "24", "object_repr": "Noisette Bakery", "action_flag": 1, "change_message": "Added."}}, {"model": "admin.logentry", "pk": 43, "fields": {"action_time": "2016-02-14T01:35:52.360Z", "user": 1, "content_type": 8, "object_id": "25", "object_repr": "Novella Cafe", "action_flag": 1, "change_message": "Added."}}, {"model": "admin.logentry", "pk": 44, "fields": {"action_time": "2016-02-14T01:37:15.301Z", "user": 1, "content_type": 8, "object_id": "26", "object_repr": "Noodle Bowl", "action_flag": 1, "change_message": "Added."}}, {"model": "admin.logentry", "pk": 45, "fields": {"action_time": "2016-02-14T01:39:08.372Z", "user": 1, "content_type": 8, "object_id": "27", "object_repr": "Off the Waffle", "action_flag": 1, "change_message": "Added."}}, {"model": "admin.logentry", "pk": 46, "fields": {"action_time": "2016-02-14T01:40:10.247Z", "user": 1, "content_type": 8, "object_id": "28", "object_repr": "Poppi's Anatolia", "action_flag": 1, "change_message": "Added."}}, {"model": "admin.logentry", "pk": 47, "fields": {"action_time": "2016-02-14T01:41:51.175Z", "user": 1, "content_type": 8, "object_id": "29", "object_repr": "Actor's Caberet", "action_flag": 1, "change_message": "Added."}}, {"model": "admin.logentry", "pk": 48, "fields": {"action_time": "2016-02-14T02:15:22.124Z", "user": 2, "content_type": 8, "object_id": "8", "object_repr": "Axe Billy Grill & Sports Bar", "action_flag": 2, "change_message": "Changed image."}}, {"model": "admin.logentry", "pk": 49, "fields": {"action_time": "2016-02-14T03:57:32.247Z", "user": 2, "content_type": 8, "object_id": "30", "object_repr": "Bijou Metro Cinema", "action_flag": 1, "change_message": "Added."}}, {"model": "admin.logentry", "pk": 50, "fields": {"action_time": "2016-02-14T03:58:33.404Z", "user": 2, "content_type": 8, "object_id": "31", "object_repr": "Hult Center", "action_flag": 1, "change_message": "Added."}}, {"model": "admin.logentry", "pk": 51, "fields": {"action_time": "2016-02-14T03:59:28.704Z", "user": 2, "content_type": 8, "object_id": "32", "object_repr": "Mcdonald Theatre", "action_flag": 1, "change_message": "Added."}}, {"model": "admin.logentry", "pk": 52, "fields": {"action_time": "2016-02-14T04:00:19.912Z", "user": 2, "content_type": 8, "object_id": "33", "object_repr": "Oregon Contemporary Theatre", "action_flag": 1, "change_message": "Added."}}, {"model": "admin.logentry", "pk": 53, "fields": {"action_time": "2016-02-14T04:01:11.916Z", "user": 2, "content_type": 8, "object_id": "34", "object_repr": "The Shedd Institue", "action_flag": 1, "change_message": "Added."}}, {"model": "admin.logentry", "pk": 54, "fields": {"action_time": "2016-02-14T04:02:46.313Z", "user": 2, "content_type": 8, "object_id": "35", "object_repr": "W.O.W. Hall", "action_flag": 1, "change_message": "Added."}}, {"model": "admin.logentry", "pk": 55, "fields": {"action_time": "2016-02-14T04:04:35.948Z", "user": 2, "content_type": 7, "object_id": "6", "object_repr": "Parking", "action_flag": 1, "change_message": "Added."}}, {"model": "admin.logentry", "pk": 56, "fields": {"action_time": "2016-02-14T04:05:43.170Z", "user": 2, "content_type": 8, "object_id": "36", "object_repr": "Hult Center Garage", "action_flag": 1, "change_message": "Added."}}, {"model": "admin.logentry", "pk": 57, "fields": {"action_time": "2016-02-14T04:07:52.635Z", "user": 2, "content_type": 8, "object_id": "37", "object_repr": "Parcade Garage", "action_flag": 1, "change_message": "Added."}}, {"model": "admin.logentry", "pk": 58, "fields": {"action_time": "2016-02-14T04:10:03.877Z", "user": 2, "content_type": 8, "object_id": "38", "object_repr": "Overpark Garage", "action_flag": 1, "change_message": "Added."}}, {"model": "admin.logentry", "pk": 59, "fields": {"action_time": "2016-02-14T04:10:04.867Z", "user": 2, "content_type": 8, "object_id": "38", "object_repr": "Overpark Garage", "action_flag": 2, "change_message": "No fields changed."}}, {"model": "admin.logentry", "pk": 60, "fields": {"action_time": "2016-02-14T04:10:14.875Z", "user": 2, "content_type": 8, "object_id": "36", "object_repr": "Hult Center Garage", "action_flag": 2, "change_message": "Changed category."}}, {"model": "admin.logentry", "pk": 61, "fields": {"action_time": "2016-02-14T04:10:17.463Z", "user": 2, "content_type": 8, "object_id": "37", "object_repr": "Parcade Garage", "action_flag": 2, "change_message": "Changed category."}}, {"model": "admin.logentry", "pk": 62, "fields": {"action_time": "2016-02-14T04:10:34.288Z", "user": 2, "content_type": 7, "object_id": "6", "object_repr": "Parking", "action_flag": 3, "change_message": ""}}, {"model": "admin.logentry", "pk": 63, "fields": {"action_time": "2016-02-14T04:12:36.401Z", "user": 2, "content_type": 8, "object_id": "36", "object_repr": "Hult Center Garage", "action_flag": 2, "change_message": "Changed category."}}, {"model": "admin.logentry", "pk": 64, "fields": {"action_time": "2016-02-14T04:13:47.856Z", "user": 2, "content_type": 8, "object_id": "39", "object_repr": "Moss Hair Studio", "action_flag": 1, "change_message": "Added."}}, {"model": "admin.logentry", "pk": 65, "fields": {"action_time": "2016-02-14T04:14:43.724Z", "user": 2, "content_type": 8, "object_id": "40", "object_repr": "Analog Barbershop", "action_flag": 1, "change_message": "Added."}}, {"model": "admin.logentry", "pk": 66, "fields": {"action_time": "2016-02-14T04:15:51.689Z", "user": 2, "content_type": 8, "object_id": "41", "object_repr": "Downtown Athletic Club", "action_flag": 1, "change_message": "Added."}}, {"model": "admin.logentry", "pk": 67, "fields": {"action_time": "2016-02-14T04:17:29.029Z", "user": 2, "content_type": 8, "object_id": "42", "object_repr": "Kiva Grocery", "action_flag": 1, "change_message": "Added."}}, {"model": "admin.logentry", "pk": 68, "fields": {"action_time": "2016-02-14T04:18:15.033Z", "user": 2, "content_type": 8, "object_id": "43", "object_repr": "Heritage Dry Goods", "action_flag": 1, "change_message": "Added."}}, {"model": "admin.logentry", "pk": 69, "fields": {"action_time": "2016-02-14T04:18:58.756Z", "user": 2, "content_type": 8, "object_id": "44", "object_repr": "Pewter Rabbit", "action_flag": 1, "change_message": "Added."}}, {"model": "admin.logentry", "pk": 70, "fields": {"action_time": "2016-02-14T04:22:08.191Z", "user": 2, "content_type": 8, "object_id": "33", "object_repr": "Oregon Contemporary Theatre", "action_flag": 2, "change_message": "Changed image."}}, {"model": "admin.logentry", "pk": 71, "fields": {"action_time": "2016-02-14T04:41:44.727Z", "user": 2, "content_type": 8, "object_id": "31", "object_repr": "Hult Center", "action_flag": 2, "change_message": "Changed lon."}}, {"model": "admin.logentry", "pk": 72, "fields": {"action_time": "2016-02-14T04:42:07.563Z", "user": 2, "content_type": 8, "object_id": "31", "object_repr": "Hult Center", "action_flag": 2, "change_message": "Changed lon."}}, {"model": "admin.logentry", "pk": 73, "fields": {"action_time": "2016-02-14T04:43:34.118Z", "user": 2, "content_type": 8, "object_id": "31", "object_repr": "Hult Center", "action_flag": 2, "change_message": "Changed lon and lat."}}, {"model": "admin.logentry", "pk": 74, "fields": {"action_time": "2016-02-14T04:43:50.479Z", "user": 2, "content_type": 8, "object_id": "36", "object_repr": "Hult Center Garage", "action_flag": 2, "change_message": "Changed lon and lat."}}, {"model": "admin.logentry", "pk": 75, "fields": {"action_time": "2016-02-14T04:45:02.859Z", "user": 2, "content_type": 8, "object_id": "36", "object_repr": "Hult Center Garage", "action_flag": 2, "change_message": "No fields changed."}}, {"model": "admin.logentry", "pk": 76, "fields": {"action_time": "2016-02-14T05:38:30.271Z", "user": 2, "content_type": 7, "object_id": "7", "object_repr": "ArtWalk", "action_flag": 1, "change_message": "Added."}}, {"model": "admin.logentry", "pk": 77, "fields": {"action_time": "2016-02-14T05:41:39.805Z", "user": 2, "content_type": 8, "object_id": "45", "object_repr": "The New Zone Gallery", "action_flag": 1, "change_message": "Added."}}, {"model": "admin.logentry", "pk": 78, "fields": {"action_time": "2016-02-14T05:43:53.590Z", "user": 2, "content_type": 8, "object_id": "46", "object_repr": "Shadowfox", "action_flag": 1, "change_message": "Added."}}, {"model": "admin.logentry", "pk": 79, "fields": {"action_time": "2016-02-14T05:45:17.421Z", "user": 2, "content_type": 8, "object_id": "47", "object_repr": "Mecca", "action_flag": 1, "change_message": "Added."}}, {"model": "admin.logentry", "pk": 80, "fields": {"action_time": "2016-02-14T05:47:14.770Z", "user": 2, "content_type": 8, "object_id": "48", "object_repr": "The Lincoln Gallery", "action_flag": 1, "change_message": "Added."}}, {"model": "admin.logentry", "pk": 81, "fields": {"action_time": "2016-02-14T05:48:44.769Z", "user": 2, "content_type": 8, "object_id": "49", "object_repr": "Raven Frameworks", "action_flag": 1, "change_message": "Added."}}, {"model": "admin.logentry", "pk": 82, "fields": {"action_time": "2016-02-14T05:49:16.932Z", "user": 2, "content_type": 8, "object_id": "8", "object_repr": "Ax Billy Grill & Sports Bar", "action_flag": 2, "change_message": "Changed location_name."}}, {"model": "admin.logentry", "pk": 83, "fields": {"action_time": "2016-02-14T17:34:54.877Z", "user": 2, "content_type": 8, "object_id": "4", "object_repr": "The Bier Stein", "action_flag": 2, "change_message": "Changed location_name and details."}}, {"model": "admin.logentry", "pk": 84, "fields": {"action_time": "2016-02-14T17:40:05.574Z", "user": 2, "content_type": 8, "object_id": "29", "object_repr": "Actor's Caberet", "action_flag": 2, "change_message": "Changed details."}}, {"model": "admin.logentry", "pk": 85, "fields": {"action_time": "2016-02-14T17:41:48.387Z", "user": 2, "content_type": 8, "object_id": "28", "object_repr": "Poppi's Anatolia", "action_flag": 2, "change_message": "Changed details."}}, {"model": "admin.logentry", "pk": 86, "fields": {"action_time": "2016-02-14T17:42:41.117Z", "user": 2, "content_type": 8, "object_id": "27", "object_repr": "Off the Waffle", "action_flag": 2, "change_message": "Changed details."}}, {"model": "admin.logentry", "pk": 87, "fields": {"action_time": "2016-02-14T17:43:35.021Z", "user": 2, "content_type": 8, "object_id": "26", "object_repr": "Noodle Bowl", "action_flag": 2, "change_message": "Changed details."}}, {"model": "admin.logentry", "pk": 88, "fields": {"action_time": "2016-02-14T17:44:02.905Z", "user": 2, "content_type": 8, "object_id": "26", "object_repr": "Noodle Bowl", "action_flag": 2, "change_message": "Changed details."}}, {"model": "admin.logentry", "pk": 89, "fields": {"action_time": "2016-02-14T17:48:17.081Z", "user": 2, "content_type": 8, "object_id": "25", "object_repr": "Novella Cafe", "action_flag": 2, "change_message": "Changed details."}}, {"model": "admin.logentry", "pk": 90, "fields": {"action_time": "2016-02-14T17:49:53.443Z", "user": 2, "content_type": 8, "object_id": "24", "object_repr": "Noisette Bakery", "action_flag": 2, "change_message": "Changed details."}}, {"model": "admin.logentry", "pk": 91, "fields": {"action_time": "2016-02-14T17:50:24.432Z", "user": 2, "content_type": 8, "object_id": "23", "object_repr": "Mezza Luna Pizzeria", "action_flag": 2, "change_message": "Changed details."}}, {"model": "admin.logentry", "pk": 92, "fields": {"action_time": "2016-02-14T17:50:57.075Z", "user": 2, "content_type": 8, "object_id": "22", "object_repr": "Membrillo", "action_flag": 2, "change_message": "Changed details."}}, {"model": "admin.logentry", "pk": 93, "fields": {"action_time": "2016-02-14T17:51:37.860Z", "user": 2, "content_type": 8, "object_id": "20", "object_repr": "Luckey's Club", "action_flag": 2, "change_message": "Changed details."}}, {"model": "admin.logentry", "pk": 94, "fields": {"action_time": "2016-02-14T17:51:50.761Z", "user": 2, "content_type": 8, "object_id": "19", "object_repr": "Lotus Garden", "action_flag": 2, "change_message": "Changed details."}}, {"model": "admin.logentry", "pk": 95, "fields": {"action_time": "2016-02-14T17:52:37.398Z", "user": 2, "content_type": 8, "object_id": "18", "object_repr": "Killer Burger", "action_flag": 2, "change_message": "Changed details."}}, {"model": "admin.logentry", "pk": 96, "fields": {"action_time": "2016-02-14T18:18:04.385Z", "user": 2, "content_type": 7, "object_id": "8", "object_repr": "Bach Festical", "action_flag": 1, "change_message": "Added."}}, {"model": "admin.logentry", "pk": 97, "fields": {"action_time": "2016-02-14T18:18:10.314Z", "user": 2, "content_type": 7, "object_id": "8", "object_repr": "Bach Festival", "action_flag": 2, "change_message": "Changed category_name."}}, {"model": "admin.logentry", "pk": 98, "fields": {"action_time": "2016-02-14T18:18:24.554Z", "user": 2, "content_type": 7, "object_id": "8", "object_repr": "Bach Festival", "action_flag": 3, "change_message": ""}}, {"model": "admin.logentry", "pk": 99, "fields": {"action_time": "2016-02-14T18:56:18.728Z", "user": 2, "content_type": 8, "object_id": "17", "object_repr": "Jameson's Bar", "action_flag": 2, "change_message": "Changed details."}}, {"model": "admin.logentry", "pk": 100, "fields": {"action_time": "2016-02-14T18:58:41.753Z", "user": 2, "content_type": 8, "object_id": "16", "object_repr": "Full City Cafe", "action_flag": 2, "change_message": "Changed details."}}, {"model": "admin.logentry", "pk": 101, "fields": {"action_time": "2016-02-14T18:59:00.656Z", "user": 2, "content_type": 8, "object_id": "15", "object_repr": "First National Tap House", "action_flag": 2, "change_message": "Changed details."}}, {"model": "admin.logentry", "pk": 102, "fields": {"action_time": "2016-02-14T18:59:34.956Z", "user": 2, "content_type": 8, "object_id": "14", "object_repr": "Doc's Pad", "action_flag": 2, "change_message": "Changed details."}}, {"model": "admin.logentry", "pk": 103, "fields": {"action_time": "2016-02-14T18:59:55.043Z", "user": 2, "content_type": 8, "object_id": "13", "object_repr": "Cozmic Pizza", "action_flag": 2, "change_message": "Changed details."}}, {"model": "admin.logentry", "pk": 104, "fields": {"action_time": "2016-02-14T19:00:38.264Z", "user": 2, "content_type": 8, "object_id": "12", "object_repr": "CowFish", "action_flag": 2, "change_message": "Changed details."}}, {"model": "admin.logentry", "pk": 105, "fields": {"action_time": "2016-02-14T19:01:02.552Z", "user": 2, "content_type": 8, "object_id": "11", "object_repr": "Bon Mi", "action_flag": 2, "change_message": "Changed details."}}, {"model": "admin.logentry", "pk": 106, "fields": {"action_time": "2016-02-14T19:03:22.427Z", "user": 2, "content_type": 8, "object_id": "10", "object_repr": "Belly", "action_flag": 2, "change_message": "Changed details."}}, {"model": "admin.logentry", "pk": 107, "fields": {"action_time": "2016-02-14T19:04:27.774Z", "user": 2, "content_type": 8, "object_id": "9", "object_repr": "Bagel Sphere", "action_flag": 2, "change_message": "Changed details."}}, {"model": "admin.logentry", "pk": 108, "fields": {"action_time": "2016-02-14T19:05:53.135Z", "user": 2, "content_type": 8, "object_id": "8", "object_repr": "Ax Billy Grill & Sports Bar", "action_flag": 2, "change_message": "Changed details."}}, {"model": "admin.logentry", "pk": 109, "fields": {"action_time": "2016-02-14T19:05:59.421Z", "user": 2, "content_type": 8, "object_id": "8", "object_repr": "Ax Billy Grill & Sports Bar", "action_flag": 2, "change_message": "Changed details."}}, {"model": "admin.logentry", "pk": 110, "fields": {"action_time": "2016-02-14T19:06:07.116Z", "user": 2, "content_type": 8, "object_id": "8", "object_repr": "Ax Billy Grill & Sports Bar", "action_flag": 2, "change_message": "Changed details."}}, {"model": "admin.logentry", "pk": 111, "fields": {"action_time": "2016-02-14T19:06:30.061Z", "user": 2, "content_type": 8, "object_id": "7", "object_repr": "Ambrosia", "action_flag": 2, "change_message": "Changed details."}}, {"model": "admin.logentry", "pk": 112, "fields": {"action_time": "2016-02-14T19:07:37.464Z", "user": 2, "content_type": 8, "object_id": "6", "object_repr": "The O Bar and Grill", "action_flag": 2, "change_message": "Changed details."}}, {"model": "admin.logentry", "pk": 113, "fields": {"action_time": "2016-02-14T19:08:17.264Z", "user": 2, "content_type": 8, "object_id": "5", "object_repr": "Old Nick's Pub", "action_flag": 2, "change_message": "Changed details."}}, {"model": "admin.logentry", "pk": 114, "fields": {"action_time": "2016-02-14T19:08:51.820Z", "user": 2, "content_type": 7, "object_id": "9", "object_repr": "Oregon Bach Festival", "action_flag": 1, "change_message": "Added."}}, {"model": "admin.logentry", "pk": 115, "fields": {"action_time": "2016-02-14T19:09:25.658Z", "user": 2, "content_type": 8, "object_id": "3", "object_repr": "The Cooler Restaurant and Bar", "action_flag": 2, "change_message": "Changed details."}}, {"model": "admin.logentry", "pk": 116, "fields": {"action_time": "2016-02-14T19:10:35.302Z", "user": 2, "content_type": 8, "object_id": "2", "object_repr": "Sixth Street Grill", "action_flag": 2, "change_message": "Changed details."}}, {"model": "admin.logentry", "pk": 117, "fields": {"action_time": "2016-02-14T19:15:38.603Z", "user": 2, "content_type": 7, "object_id": "9", "object_repr": "Oregon Bach Festival", "action_flag": 3, "change_message": ""}}, {"model": "admin.logentry", "pk": 118, "fields": {"action_time": "2016-02-14T21:18:17.405Z", "user": 2, "content_type": 7, "object_id": "10", "object_repr": "Oregon Bach Festival", "action_flag": 1, "change_message": "Added."}}]